path,classe,size_bytes
03-vs/snapshots/antes_v0.1.016/01-mrp/front_end/img/background_jpl.png,ORFA_PROVAVEL,76446
03-vs/snapshots/antes_v0.1.016/01-mrp/front_end/img/logo_jpl.png,ORFA_PROVAVEL,18150
03-vs/snapshots/antes_v0.1.015B/01-mrp/front_end/img/background_jpl.png,ORFA_PROVAVEL,76446
03-vs/snapshots/antes_v0.1.015B/01-mrp/front_end/img/logo_jpl.png,ORFA_PROVAVEL,18150
03-vs/snapshots/antes_v0.1.013/01-mrp/front_end/img/background_jpl.png,ORFA_PROVAVEL,76446
03-vs/snapshots/antes_v0.1.013/01-mrp/front_end/img/logo_jpl.png,ORFA_PROVAVEL,18150
03-vs/quarentena/assets_produtos_antigo/produtos/_placeholder.svg,ORFA_PROVAVEL,457
03-vs/quarentena/assets_produtos_antigo/produtos/jpl/somar_marica/011_2025/item_001/preview.svg,ORFA_PROVAVEL,917
03-vs/quarentena/assets_produtos_antigo/produtos/jpl/somar_marica/011_2025/item_002/preview.svg,ORFA_PROVAVEL,910
03-vs/quarentena/assets_produtos_antigo/produtos/jpl/somar_marica/011_2025/item_003/preview.svg,ORFA_PROVAVEL,915
03-vs/quarentena/assets_produtos_antigo/produtos/jpl/somar_marica/011_2025/item_004/preview.svg,ORFA_PROVAVEL,898
03-vs/quarentena/assets_produtos_antigo/produtos/jpl/somar_marica/011_2025/item_005/preview.svg,ORFA_PROVAVEL,880
03-vs/quarentena/assets_produtos_antigo/produtos/jpl/somar_marica/011_2025/item_006/preview.svg,ORFA_PROVAVEL,879
03-vs/quarentena/assets_produtos_antigo/produtos/jpl/somar_marica/011_2025/item_007/preview.svg,ORFA_PROVAVEL,914
03-vs/quarentena/assets_produtos_antigo/produtos/jpl/somar_marica/011_2025/item_008/preview.svg,ORFA_PROVAVEL,897
03-vs/quarentena/assets_produtos_antigo/produtos/jpl/somar_marica/011_2025/item_009/preview.svg,ORFA_PROVAVEL,899
03-vs/quarentena/assets_produtos_antigo/produtos/jpl/somar_marica/011_2025/item_010/preview.svg,ORFA_PROVAVEL,896
03-vs/quarentena/assets_produtos_antigo/produtos/jpl/somar_marica/011_2025/item_012/preview.svg,ORFA_PROVAVEL,879
03-vs/quarentena/assets_produtos_antigo/produtos/jpl/somar_marica/011_2025/item_013/preview.svg,ORFA_PROVAVEL,919
03-vs/quarentena/assets_produtos_antigo/produtos/jpl/somar_marica/011_2025/item_014/preview.svg,ORFA_PROVAVEL,874
03-vs/quarentena/assets_produtos_antigo/produtos/jpl/somar_marica/011_2025/item_015/preview.svg,ORFA_PROVAVEL,871
03-vs/quarentena/assets_produtos_antigo/produtos/jpl/somar_marica/011_2025/item_016/preview.svg,ORFA_PROVAVEL,881
03-vs/quarentena/assets_produtos_antigo/produtos/jpl/somar_marica/011_2025/item_017/preview.svg,ORFA_PROVAVEL,873
03-vs/quarentena/assets_produtos_antigo/produtos/jpl/somar_marica/011_2025/item_018/preview.svg,ORFA_PROVAVEL,872
03-vs/quarentena/assets_produtos_antigo/produtos/jpl/somar_marica/011_2025/item_019/preview.svg,ORFA_PROVAVEL,869
03-vs/quarentena/assets_produtos_antigo/produtos/jpl/somar_marica/011_2025/item_021/preview.svg,ORFA_PROVAVEL,896
03-vs/quarentena/assets_produtos_antigo/produtos/jpl/somar_marica/011_2025/item_022/preview.svg,ORFA_PROVAVEL,897
03-vs/quarentena/assets_produtos_antigo/produtos/jpl/somar_marica/011_2025/item_023/preview.svg,ORFA_PROVAVEL,898
03-vs/quarentena/assets_produtos_antigo/produtos/jpl/cim_jequi/07_2023/item_001/preview.svg,ORFA_PROVAVEL,912
03-vs/quarentena/assets_produtos_antigo/produtos/jpl/cim_jequi/07_2023/item_002/preview.svg,ORFA_PROVAVEL,905
03-vs/quarentena/assets_produtos_antigo/produtos/jpl/cim_jequi/07_2023/item_003/preview.svg,ORFA_PROVAVEL,910
03-vs/quarentena/assets_produtos_antigo/produtos/jpl/cim_jequi/07_2023/item_004/preview.svg,ORFA_PROVAVEL,893
03-vs/quarentena/assets_produtos_antigo/produtos/jpl/cim_jequi/07_2023/item_005/preview.svg,ORFA_PROVAVEL,875
03-vs/quarentena/assets_produtos_antigo/produtos/jpl/cim_jequi/07_2023/item_006/preview.svg,ORFA_PROVAVEL,874
03-vs/quarentena/assets_produtos_antigo/produtos/jpl/cim_jequi/07_2023/item_007/preview.svg,ORFA_PROVAVEL,892
03-vs/quarentena/assets_produtos_antigo/produtos/jpl/cim_jequi/07_2023/item_008/preview.svg,ORFA_PROVAVEL,894
03-vs/quarentena/assets_produtos_antigo/produtos/jpl/cim_jequi/07_2023/item_009/preview.svg,ORFA_PROVAVEL,887
03-vs/quarentena/assets_produtos_antigo/produtos/jpl/cim_jequi/07_2023/item_010/preview.svg,ORFA_PROVAVEL,891
03-vs/quarentena/assets_produtos_antigo/produtos/jpl/cim_jequi/07_2023/item_011/preview.svg,ORFA_PROVAVEL,891
03-vs/quarentena/assets_produtos_antigo/produtos/jpl/cim_jequi/07_2023/item_012/preview.svg,ORFA_PROVAVEL,874
03-vs/quarentena/assets_produtos_antigo/produtos/jpl/cim_jequi/07_2023/item_013/preview.svg,ORFA_PROVAVEL,873
03-vs/quarentena/assets_produtos_antigo/produtos/jpl/cim_jequi/07_2023/item_014/preview.svg,ORFA_PROVAVEL,880
03-vs/quarentena/assets_produtos_antigo/produtos/jpl/cim_jequi/07_2023/item_015/preview.svg,ORFA_PROVAVEL,884
03-vs/quarentena/assets_produtos_antigo/produtos/jpl/cim_jequi/07_2023/item_016/preview.svg,ORFA_PROVAVEL,908
03-vs/quarentena/assets_produtos_antigo/produtos/jpl/cim_jequi/07_2023/item_017/preview.svg,ORFA_PROVAVEL,878
03-vs/quarentena/assets_produtos_antigo/produtos/jpl/cim_jequi/07_2023/item_018/preview.svg,ORFA_PROVAVEL,885
03-vs/quarentena/assets_produtos_antigo/produtos/jpl/cim_jequi/07_2023/item_019/preview.svg,ORFA_PROVAVEL,899
03-vs/quarentena/assets_produtos_antigo/produtos/jpl/cim_jequi/07_2023/item_020/preview.svg,ORFA_PROVAVEL,869
03-vs/quarentena/assets_produtos_antigo/produtos/jpl/cim_jequi/07_2023/item_021/preview.svg,ORFA_PROVAVEL,866
03-vs/quarentena/assets_produtos_antigo/produtos/jpl/cim_jequi/07_2023/item_022/preview.svg,ORFA_PROVAVEL,875
03-vs/quarentena/assets_produtos_antigo/produtos/jpl/cim_jequi/07_2023/item_023/preview.svg,ORFA_PROVAVEL,867
03-vs/quarentena/assets_produtos_antigo/produtos/jpl/cim_jequi/07_2023/item_024/preview.svg,ORFA_PROVAVEL,868
03-vs/quarentena/assets_produtos_antigo/produtos/jpl/cim_jequi/07_2023/item_025/preview.svg,ORFA_PROVAVEL,889
03-vs/quarentena/assets_produtos_antigo/produtos/jpl/cim_jequi/07_2023/item_026/preview.svg,ORFA_PROVAVEL,871
03-vs/quarentena/assets_produtos_antigo/produtos/jpl/cim_jequi/07_2023/item_027/preview.svg,ORFA_PROVAVEL,869
03-vs/quarentena/assets_produtos_antigo/produtos/jpl/cim_jequi/07_2023/item_028/preview.svg,ORFA_PROVAVEL,874
03-vs/quarentena/assets_produtos_antigo/produtos/jpl/cim_jequi/028_2023/item_001/preview.svg,ORFA_PROVAVEL,898
03-vs/quarentena/assets_produtos_antigo/produtos/jpl/cim_jequi/028_2023/item_002/preview.svg,ORFA_PROVAVEL,899
03-vs/quarentena/assets_produtos_antigo/produtos/jpl/cim_jequi/028_2023/item_003/preview.svg,ORFA_PROVAVEL,903
03-vs/quarentena/assets_produtos_antigo/produtos/jpl/cim_jequi/028_2023/item_004/preview.svg,ORFA_PROVAVEL,904
03-vs/quarentena/assets_produtos_antigo/produtos/gov_rio/ata_gov_rio/safe/gov_rio_1_1_central_multipla_inox.png,ORFA_PROVAVEL,168185
03-vs/quarentena/assets_produtos_antigo/produtos/gov_rio/ata_gov_rio/safe/gov_rio_1_2_prancha_abdominal_inox.png,ORFA_PROVAVEL,34988
03-vs/quarentena/assets_produtos_antigo/produtos/gov_rio/ata_gov_rio/safe/gov_rio_1_3_bicicletario_inox.png,ORFA_PROVAVEL,63954
03-vs/quarentena/assets_produtos_antigo/produtos/gov_rio/ata_gov_rio/safe/gov_rio_2_1_esqui.png,ORFA_PROVAVEL,180668
03-vs/quarentena/assets_produtos_antigo/produtos/gov_rio/ata_gov_rio/safe/gov_rio_2_2_caminhada.png,ORFA_PROVAVEL,168391
03-vs/quarentena/assets_produtos_antigo/produtos/gov_rio/ata_gov_rio/safe/gov_rio_2_3_multi.png,ORFA_PROVAVEL,252553
03-vs/quarentena/assets_produtos_antigo/produtos/gov_rio/ata_gov_rio/safe/gov_rio_2_4_transport.png,ORFA_PROVAVEL,144325
03-vs/quarentena/assets_produtos_antigo/produtos/gov_rio/ata_gov_rio/safe/gov_rio_2_5_alongador.png,ORFA_PROVAVEL,97297
03-vs/quarentena/assets_produtos_antigo/produtos/gov_rio/ata_gov_rio/safe/gov_rio_2_6_trave.png,ORFA_PROVAVEL,115858
03-vs/quarentena/assets_produtos_antigo/produtos/gov_rio/ata_gov_rio/safe/gov_rio_2_7_totem.png,ORFA_PROVAVEL,92541
03-vs/quarentena/assets_produtos_antigo/produtos/gov_rio/ata_gov_rio/safe/gov_rio_3_1_balanco_infantil.png,ORFA_PROVAVEL,162646
03-vs/quarentena/assets_produtos_antigo/produtos/gov_rio/ata_gov_rio/safe/gov_rio_3_2_balanco_juvenil.png,ORFA_PROVAVEL,181741
03-vs/quarentena/assets_produtos_antigo/produtos/gov_rio/ata_gov_rio/safe/gov_rio_3_3_balanco_quadruplo.png,ORFA_PROVAVEL,220801
03-vs/quarentena/assets_produtos_antigo/produtos/gov_rio/ata_gov_rio/safe/gov_rio_3_4_multi_play_pequeno.png,ORFA_PROVAVEL,261498
03-vs/quarentena/assets_produtos_antigo/produtos/gov_rio/ata_gov_rio/safe/gov_rio_3_5_multi_play_grande.png,ORFA_PROVAVEL,251299
03-vs/quarentena/assets_produtos_antigo/produtos/gov_rio/ata_gov_rio/safe/gov_rio_3_6_haste_gaiola_labirinto.png,ORFA_PROVAVEL,281360
03-vs/quarentena/assets_produtos_antigo/produtos/gov_rio/ata_gov_rio/safe/gov_rio_4_1_conjunto_pic_nic.png,ORFA_PROVAVEL,82648
03-vs/quarentena/assets_produtos_antigo/produtos/gov_rio/ata_gov_rio/safe/gov_rio_4_2_bicicletario_5_lugares.png,ORFA_PROVAVEL,73023
03-vs/quarentena/assets_produtos_antigo/produtos/gov_rio/ata_gov_rio/safe/gov_rio_5_1_ping_pong.png,ORFA_PROVAVEL,231375
03-vs/quarentena/assets_produtos_antigo/produtos/gov_rio/ata_gov_rio/safe/gov_rio_6_1_fut_mesa.png,ORFA_PROVAVEL,228908
03-vs/quarentena/assets_produtos_antigo/produtos/aco/gov_rio/114443801_2025/item_1_1/preview.svg,ORFA_PROVAVEL,909
03-vs/quarentena/assets_produtos_antigo/produtos/aco/gov_rio/114443801_2025/item_1_2/preview.svg,ORFA_PROVAVEL,884
03-vs/quarentena/assets_produtos_antigo/produtos/aco/gov_rio/114443801_2025/item_1_3/preview.svg,ORFA_PROVAVEL,890
03-vs/quarentena/assets_produtos_antigo/produtos/aco/gov_rio/114443801_2025/item_2_1/preview.svg,ORFA_PROVAVEL,889
03-vs/quarentena/assets_produtos_antigo/produtos/aco/gov_rio/114443801_2025/item_2_2/preview.svg,ORFA_PROVAVEL,906
03-vs/quarentena/assets_produtos_antigo/produtos/aco/gov_rio/114443801_2025/item_2_3/preview.svg,ORFA_PROVAVEL,921
03-vs/quarentena/assets_produtos_antigo/produtos/aco/gov_rio/114443801_2025/item_2_4/preview.svg,ORFA_PROVAVEL,923
03-vs/quarentena/assets_produtos_antigo/produtos/aco/gov_rio/114443801_2025/item_2_5/preview.svg,ORFA_PROVAVEL,891
03-vs/quarentena/assets_produtos_antigo/produtos/aco/gov_rio/114443801_2025/item_2_6/preview.svg,ORFA_PROVAVEL,895
03-vs/quarentena/assets_produtos_antigo/produtos/aco/gov_rio/114443801_2025/item_2_7/preview.svg,ORFA_PROVAVEL,884
03-vs/quarentena/assets_produtos_antigo/produtos/aco/gov_rio/114443801_2025/item_3_1/preview.svg,ORFA_PROVAVEL,906
03-vs/quarentena/assets_produtos_antigo/produtos/aco/gov_rio/114443801_2025/item_3_2/preview.svg,ORFA_PROVAVEL,905
03-vs/quarentena/assets_produtos_antigo/produtos/aco/gov_rio/114443801_2025/item_3_3/preview.svg,ORFA_PROVAVEL,907
03-vs/quarentena/assets_produtos_antigo/produtos/aco/gov_rio/114443801_2025/item_3_4/preview.svg,ORFA_PROVAVEL,894
03-vs/quarentena/assets_produtos_antigo/produtos/aco/gov_rio/114443801_2025/item_3_5/preview.svg,ORFA_PROVAVEL,893
03-vs/quarentena/assets_produtos_antigo/produtos/aco/gov_rio/114443801_2025/item_3_6/preview.svg,ORFA_PROVAVEL,883
03-vs/quarentena/assets_produtos_antigo/produtos/aco/gov_rio/114443801_2025/item_4_1/preview.svg,ORFA_PROVAVEL,882
03-vs/quarentena/assets_produtos_antigo/produtos/aco/gov_rio/114443801_2025/item_4_2/preview.svg,ORFA_PROVAVEL,887
03-vs/quarentena/assets_produtos_antigo/produtos/aco/gov_rio/114443801_2025/item_5_1/preview.svg,ORFA_PROVAVEL,884
03-vs/quarentena/assets_produtos_antigo/produtos/aco/gov_rio/114443801_2025/item_6_1/preview.svg,ORFA_PROVAVEL,874
03-vs/quarentena/assets_produtos_antigo/produtos/aco/cimasp/029_2025/item_001/preview.svg,ORFA_PROVAVEL,911
03-vs/quarentena/assets_produtos_antigo/produtos/aco/cimasp/029_2025/item_002/preview.svg,ORFA_PROVAVEL,905
03-vs/quarentena/assets_produtos_antigo/produtos/aco/cimasp/029_2025/item_003/preview.svg,ORFA_PROVAVEL,904
03-vs/quarentena/assets_produtos_antigo/produtos/aco/cimasp/029_2025/item_004/preview.svg,ORFA_PROVAVEL,904
03-vs/quarentena/assets_produtos_antigo/produtos/aco/cimasp/029_2025/item_005/preview.svg,ORFA_PROVAVEL,902
03-vs/quarentena/assets_produtos_antigo/produtos/aco/cimasp/029_2025/item_006/preview.svg,ORFA_PROVAVEL,874
03-vs/quarentena/assets_produtos_antigo/produtos/aco/cimasp/029_2025/item_007/preview.svg,ORFA_PROVAVEL,874
03-vs/quarentena/assets_produtos_antigo/produtos/aco/cimasp/029_2025/item_008/preview.svg,ORFA_PROVAVEL,867
03-vs/quarentena/assets_produtos_antigo/produtos/aco/cimasp/029_2025/item_009/preview.svg,ORFA_PROVAVEL,880
03-vs/quarentena/assets_produtos_antigo/produtos/aco/cimasp/029_2025/item_010/preview.svg,ORFA_PROVAVEL,882
03-vs/quarentena/assets_produtos_antigo/produtos/aco/cimasp/029_2025/item_011/preview.svg,ORFA_PROVAVEL,882
03-vs/quarentena/assets_produtos_antigo/produtos/aco/cimasp/029_2025/item_012/preview.svg,ORFA_PROVAVEL,892
03-vs/quarentena/assets_produtos_antigo/produtos/aco/cimasp/029_2025/item_013/preview.svg,ORFA_PROVAVEL,894
03-vs/quarentena/assets_produtos_antigo/produtos/aco/cimasp/029_2025/item_014/preview.svg,ORFA_PROVAVEL,893
03-vs/quarentena/assets_produtos_antigo/produtos/aco/cimasp/029_2025/item_015/preview.svg,ORFA_PROVAVEL,873
03-vs/quarentena/assets_produtos_antigo/produtos/aco/cimasp/029_2025/item_016/preview.svg,ORFA_PROVAVEL,880
03-vs/quarentena/assets_produtos_antigo/produtos/aco/cimasp/029_2025/item_017/preview.svg,ORFA_PROVAVEL,882
03-vs/quarentena/assets_produtos_antigo/produtos/aco/cimasp/029_2025/item_018/preview.svg,ORFA_PROVAVEL,882
03-vs/quarentena/assets_produtos_antigo/produtos/aco/cimasp/029_2025/item_019/preview.svg,ORFA_PROVAVEL,875
03-vs/quarentena/assets_produtos_antigo/produtos/aco/cimasp/029_2025/item_020/preview.svg,ORFA_PROVAVEL,875
03-vs/quarentena/assets_produtos_antigo/produtos/aco/cimasp/029_2025/item_021/preview.svg,ORFA_PROVAVEL,875
03-vs/quarentena/assets_produtos_antigo/produtos/aco/cimasp/029_2025/item_022/preview.svg,ORFA_PROVAVEL,875
03-vs/quarentena/assets_produtos_antigo/produtos/aco/cimasp/029_2025/item_023/preview.svg,ORFA_PROVAVEL,875
03-vs/quarentena/assets_produtos_antigo/produtos/aco/cimasp/029_2025/item_024/preview.svg,ORFA_PROVAVEL,875
03-vs/quarentena/assets_produtos_antigo/produtos/aco/cimasp/029_2025/item_025/preview.svg,ORFA_PROVAVEL,869
03-vs/quarentena/assets_produtos_antigo/produtos/aco/cimasp/029_2025/item_026/preview.svg,ORFA_PROVAVEL,912
03-vs/quarentena/assets_produtos_antigo/produtos/aco/cimasp/029_2025/item_027/preview.svg,ORFA_PROVAVEL,912
03-vs/quarentena/assets_produtos_antigo/produtos/aco/cimasp/029_2025/item_028/preview.svg,ORFA_PROVAVEL,912
03-vs/quarentena/assets_produtos_antigo/produtos/aco/cimasp/029_2025/item_029/preview.svg,ORFA_PROVAVEL,912
03-vs/quarentena/assets_produtos_antigo/produtos/aco/cimasp/029_2025/item_030/preview.svg,ORFA_PROVAVEL,910
03-vs/quarentena/assets_produtos_antigo/produtos/aco/cimasp/029_2025/item_031/preview.svg,ORFA_PROVAVEL,880
03-vs/quarentena/assets_produtos_antigo/produtos/aco/cimasp/029_2025/item_032/preview.svg,ORFA_PROVAVEL,880
03-vs/quarentena/assets_produtos_antigo/produtos/aco/cimasp/029_2025/item_033/preview.svg,ORFA_PROVAVEL,873
03-vs/quarentena/assets_produtos_antigo/produtos/aco/cimasp/029_2025/item_034/preview.svg,ORFA_PROVAVEL,887
03-vs/quarentena/assets_produtos_antigo/produtos/aco/cimasp/029_2025/item_035/preview.svg,ORFA_PROVAVEL,887
03-vs/quarentena/assets_produtos_antigo/produtos/aco/cimasp/029_2025/item_036/preview.svg,ORFA_PROVAVEL,887
03-vs/quarentena/assets_produtos_antigo/produtos/aco/cimasp/029_2025/item_037/preview.svg,ORFA_PROVAVEL,897
03-vs/quarentena/assets_produtos_antigo/produtos/aco/cimasp/029_2025/item_038/preview.svg,ORFA_PROVAVEL,899
03-vs/quarentena/assets_produtos_antigo/produtos/aco/cimasp/029_2025/item_039/preview.svg,ORFA_PROVAVEL,898
03-vs/quarentena/assets_produtos_antigo/produtos/aco/cimasp/029_2025/item_040/preview.svg,ORFA_PROVAVEL,878
03-vs/quarentena/assets_produtos_antigo/produtos/aco/cimasp/029_2025/item_041/preview.svg,ORFA_PROVAVEL,885
03-vs/quarentena/assets_produtos_antigo/produtos/aco/cimasp/029_2025/item_042/preview.svg,ORFA_PROVAVEL,887
03-vs/quarentena/assets_produtos_antigo/produtos/aco/cimasp/029_2025/item_043/preview.svg,ORFA_PROVAVEL,887
03-vs/quarentena/assets_produtos_antigo/produtos/aco/cimasp/029_2025/item_044/preview.svg,ORFA_PROVAVEL,880
03-vs/quarentena/assets_produtos_antigo/produtos/aco/cimasp/029_2025/item_045/preview.svg,ORFA_PROVAVEL,880
03-vs/quarentena/assets_produtos_antigo/produtos/aco/cimasp/029_2025/item_046/preview.svg,ORFA_PROVAVEL,880
03-vs/quarentena/assets_produtos_antigo/produtos/aco/cimasp/029_2025/item_047/preview.svg,ORFA_PROVAVEL,870
03-vs/quarentena/assets_produtos_antigo/produtos/aco/cimasp/029_2025/item_048/preview.svg,ORFA_PROVAVEL,870
03-vs/quarentena/assets_produtos_antigo/produtos/aco/cimasp/029_2025/item_049/preview.svg,ORFA_PROVAVEL,880
03-vs/quarentena/assets_produtos_antigo/produtos/aco/cimasp/029_2025/item_050/preview.svg,ORFA_PROVAVEL,880
03-vs/quarentena/assets_produtos_antigo/produtos/aco/cimasp/029_2025/item_051/preview.svg,ORFA_PROVAVEL,880
03-vs/quarentena/assets_produtos_antigo/produtos/aco/cimasp/029_2025/item_052/preview.svg,ORFA_PROVAVEL,879
03-vs/quarentena/assets_produtos_antigo/produtos/aco/cimasp/029_2025/item_053/preview.svg,ORFA_PROVAVEL,891
03-vs/quarentena/assets_produtos_antigo/produtos/aco/cimasp/029_2025/item_054/preview.svg,ORFA_PROVAVEL,892
03-vs/quarentena/assets_produtos_antigo/produtos/aco/cimasp/029_2025/item_055/preview.svg,ORFA_PROVAVEL,874
03-vs/quarentena/assets_produtos_antigo/produtos/aco/cimasp/029_2025/item_056/preview.svg,ORFA_PROVAVEL,886
03-vs/quarentena/assets_produtos_antigo/produtos/aco/cimasp/029_2025/item_057/preview.svg,ORFA_PROVAVEL,882
03-vs/quarentena/assets_produtos_antigo/produtos/aco/cimasp/029_2025/item_058/preview.svg,ORFA_PROVAVEL,882
03-vs/quarentena/assets_produtos_antigo/produtos/aco/cimasp/029_2025/item_059/preview.svg,ORFA_PROVAVEL,877
03-vs/quarentena/assets_produtos_antigo/produtos/aco/cimasp/029_2025/item_060/preview.svg,ORFA_PROVAVEL,916
03-vs/quarentena/assets_produtos_antigo/produtos/aco/cimasp/029_2025/item_061/preview.svg,ORFA_PROVAVEL,916
03-vs/quarentena/assets_produtos_antigo/produtos/aco/cimasp/029_2025/item_062/preview.svg,ORFA_PROVAVEL,916
03-vs/quarentena/assets_produtos_antigo/produtos/aco/cimasp/029_2025/item_063/preview.svg,ORFA_PROVAVEL,916
03-vs/quarentena/assets_produtos_antigo/produtos/aco/cimasp/029_2025/item_064/preview.svg,ORFA_PROVAVEL,916
03-vs/quarentena/assets_produtos_antigo/produtos/aco/cimasp/029_2025/item_065/preview.svg,ORFA_PROVAVEL,916
03-vs/quarentena/assets_produtos_antigo/produtos/aco/cimasp/029_2025/item_066/preview.svg,ORFA_PROVAVEL,916
03-vs/quarentena/assets_produtos_antigo/produtos/aco/cimasp/029_2025/item_067/preview.svg,ORFA_PROVAVEL,916
03-vs/quarentena/assets_produtos_antigo/produtos/aco/cimasp/029_2025/item_068/preview.svg,ORFA_PROVAVEL,916
03-vs/quarentena/assets_produtos_antigo/produtos/aco/cimasp/029_2025/item_069/preview.svg,ORFA_PROVAVEL,916
03-vs/quarentena/assets_produtos_antigo/produtos/aco/cimasp/029_2025/item_070/preview.svg,ORFA_PROVAVEL,916
03-vs/quarentena/assets_produtos_antigo/produtos/aco/cimasp/029_2025/item_071/preview.svg,ORFA_PROVAVEL,902
03-vs/quarentena/assets_produtos_antigo/produtos/aco/cimasp/029_2025/item_072/preview.svg,ORFA_PROVAVEL,897
03-vs/quarentena/assets_produtos_antigo/produtos/aco/cimasp/029_2025/item_073/preview.svg,ORFA_PROVAVEL,893
03-vs/quarentena/assets_produtos_antigo/produtos/aco/cimasp/029_2025/item_074/preview.svg,ORFA_PROVAVEL,868
03-vs/patches/v0.1.009/frontend_responsivo_base/front_end/img/background_jpl.png,ORFA_PROVAVEL,76446
03-vs/patches/v0.1.009/frontend_responsivo_base/front_end/img/logo_jpl.png,ORFA_PROVAVEL,18150
03-vs/patches/v0.1.007/origem_extraida/mrp-main/front_end/img/background_jpl.png,ORFA_PROVAVEL,76446
03-vs/patches/v0.1.007/origem_extraida/mrp-main/front_end/img/logo_jpl.png,ORFA_PROVAVEL,18150
03-vs/patches/v0.1.007/mrp_local_frontend_base/front_end/img/background_jpl.png,ORFA_PROVAVEL,76446
03-vs/patches/v0.1.007/mrp_local_frontend_base/front_end/img/logo_jpl.png,ORFA_PROVAVEL,18150
03-vs/patches/v0.1.005/origem_extraida/mrp-main/front_end/img/background_jpl.png,ORFA_PROVAVEL,76446
03-vs/patches/v0.1.005/origem_extraida/mrp-main/front_end/img/logo_jpl.png,ORFA_PROVAVEL,18150
03-vs/patches/v0.1.005/mrp_local_frontend_base/front_end/img/background_jpl.png,ORFA_PROVAVEL,76446
03-vs/patches/v0.1.005/mrp_local_frontend_base/front_end/img/logo_jpl.png,ORFA_PROVAVEL,18150
01-mrp/front_end/img/produtos/aco/atas/sehis_gov_rio/item_1_1_central_multipla_de_exercicios_e_ginastica.svg,ORFA_PROVAVEL,909
01-mrp/front_end/img/produtos/aco/atas/sehis_gov_rio/item_1_2_prancha_abdominal.svg,ORFA_PROVAVEL,884
01-mrp/front_end/img/produtos/aco/atas/sehis_gov_rio/item_1_3_bicicletario_aco_inox.svg,ORFA_PROVAVEL,890
01-mrp/front_end/img/produtos/aco/atas/sehis_gov_rio/item_2_1_esqui_triplo_conjugado.svg,ORFA_PROVAVEL,889
01-mrp/front_end/img/produtos/aco/atas/sehis_gov_rio/item_2_2_simulador_de_caminhada_triplo_conjugado.svg,ORFA_PROVAVEL,906
01-mrp/front_end/img/produtos/aco/atas/sehis_gov_rio/item_2_3_modulo_quadruplo_de_fortalecimento_de_todos_os_membros.svg,ORFA_PROVAVEL,921
01-mrp/front_end/img/produtos/aco/atas/sehis_gov_rio/item_2_4_modulo_quadruplo_de_fortalecimento_de_membros_inferiores.svg,ORFA_PROVAVEL,923
01-mrp/front_end/img/produtos/aco/atas/sehis_gov_rio/item_2_5_simulador_de_alongamento.svg,ORFA_PROVAVEL,891
01-mrp/front_end/img/produtos/aco/atas/sehis_gov_rio/item_2_6_equipamento_trave_equilibrio.svg,ORFA_PROVAVEL,895
01-mrp/front_end/img/produtos/aco/atas/sehis_gov_rio/item_2_7_placa_orientativa.svg,ORFA_PROVAVEL,884
01-mrp/front_end/img/produtos/aco/atas/sehis_gov_rio/item_3_1_balanco_estaiado_dois_assentos_infantis.svg,ORFA_PROVAVEL,906
01-mrp/front_end/img/produtos/aco/atas/sehis_gov_rio/item_3_2_balanco_estaiado_dois_assentos_juvenil.svg,ORFA_PROVAVEL,905
01-mrp/front_end/img/produtos/aco/atas/sehis_gov_rio/item_3_3_balanco_estaiado_quatro_assentos_juvenil.svg,ORFA_PROVAVEL,907
01-mrp/front_end/img/produtos/aco/atas/sehis_gov_rio/item_3_4_playground_estaiado_pequeno.svg,ORFA_PROVAVEL,894
01-mrp/front_end/img/produtos/aco/atas/sehis_gov_rio/item_3_5_playground_estaiado_grande.svg,ORFA_PROVAVEL,893
01-mrp/front_end/img/produtos/aco/atas/sehis_gov_rio/item_3_6_gaiola_labirinto.svg,ORFA_PROVAVEL,883
01-mrp/front_end/img/produtos/aco/atas/sehis_gov_rio/item_4_1_tablado_pic_nic.svg,ORFA_PROVAVEL,882
01-mrp/front_end/img/produtos/aco/atas/sehis_gov_rio/item_4_2_paraciclo_05_lugares.svg,ORFA_PROVAVEL,887
01-mrp/front_end/img/produtos/aco/atas/sehis_gov_rio/item_5_1_mesa_de_ping_pong.svg,ORFA_PROVAVEL,884
01-mrp/front_end/img/produtos/aco/atas/sehis_gov_rio/item_6_1_futmesa.svg,ORFA_PROVAVEL,874
